name;brand_name;price;discount;discounted_price;image_url;description;category;subcategory
Aditi Wasan Washed Black Leather Jacket;Aditi Wasan;Rs. 6999;0;Rs. 6999;http://www.jabong.com/aditi-wasan-Washed-Black-Leather-Jacket-417409.html;"Add a touch of definition to an otherwise solid look with this black coloured leather jacket from the house of Aditi Wasan. No guy should be without this lightweight and utterly warm piece that is made using leather.
Fabric        Leather
Sleeves        Full Sleeve
Neck        Mandarin Collar
Wash Care        Leather special care
Fit        Regular
Style        Washed
Color        Black";1;1
Andrew Hill Red Filafil Full Sleeve Formal Shirt;Andrew Hill;Rs. 800;10%;Rs. 720;http://www.jabong.com/andrew-hill-Red-Filafil-Full-Sleeve-Formal-Shirt-538331.html;"Keep things light and airy wearing this red coloured formal shirt by Andrew Hill. Add a dressy touch to your look by adorning this formal shirt that features a button-down style and a classic collar.
Fabric        Cotton
Sleeves        Full Sleeve
Neck        COLLAR
Wash Care        MACHINE WASH,WARM IRON IF REQUIRED
Pockets        1-POCKET
Fit        Regular
USP        REGULAR FIT FULL SLEEVE SOLID FORMAL SHIRT IN FILAFIL FABRIC
Style        Solids
Color        Red";1;1
Arrow Charcoal Grey Blazer;Arrow Charcoal;Rs. 7999;0;Rs. 7999;http://www.jabong.com/Arrow-Charcoal-Grey-Blazer-556384.html;"A sharp pick for a man of substance like you is this classy grey coloured blazer from Arrow. Offering nothing but pure comfort because of its wool fabric, this slim-fit blazer is best teamed up with your formal ensemble for a neat, smart look.
Fabric        wool
Sleeves        Full Sleeve
Neck        LAPEL COLLAR
Fit        Slim
Style        Solids
Color        Charcoal Grey";1;1
Club Fox Solid Dark Grey Narrow Fit Formal Trouser;Club Fox;Rs. 1200;10%;Rs. 1080;http://www.jabong.com/club-fox-Solid-Dark-Grey-Narrow-Fit-Formal-Trouser-575327.html;"Laidback look is in and you can also flaunt the same as you adorn these formal trousers from the house of Club Fox. Exclusive styling of these narrow fit formal trousers was done to enhance the signature details.
Fabric        Cotton Rich
Wash Care        Wash with similar colors, Dry Promptly, Steam Iron, Do Not Bleach, Do Not Wring
Fit        Narrow
Style        Solids
Color        Dark Grey";1;1
Flying Machine Michael Washed Blue Slim Fit Jeans;Flying Machine;Rs. 1200;0%;Rs. 1200;http://www.jabong.com/Flying_Machine-Michael-Washed-Blue-Slim-Fit-Jeans-571276.html;"Be the fashion glitterati wearing these jeans by Flying Machine. These slim fit jeans are made using stretch cotton that makes it a perfect fit for some rock and roll. Fabric        Stretch Cotton
Fit        Slim
Length        Full Length
Style        Washed
Color        Blue";1;1
In The Closet Printed Purple Hooded T-Shirt;In The Closet;Rs. 2000;0%;Rs. 2000;http://www.jabong.com/in-the-closet-Printed-Purple-Hooded-T-Shirt-547808.html;"Add an extra dose of style as you wear this regular-fit T-shirt from the house of In The Closet. Hook up with comfort and roll with time as you wear this T-shirt fashioned using cotton. Style it with acid washed denim jeans and suede loafers for a casual look with an edge.
Fabric        Cotton
Sleeves        Full Sleeve
Neck        Hooded
Wash Care        Wash with similar colors, Dry Promptly, Steam Iron, Do Not Bleach, Do Not Wring
Fit        Regular
Style        Graphic
Color        Purple";1;1
Lee Green Shorts;Lee;Rs. 1899;10%;Rs. 1709;http://www.jabong.com/Lee-Green-Shorts-518266.html;"Skip the humdrum of modern life when you adorn these shorts by Lee. While the green colour adds to the visual appeal, the denim fabric assures total comfort. 
Fabric        Denim
Fit        Slim
Style        Solids
Color        Green";1;1
Pepe Jeans Green Regular Fit Jeans;Pepe Jeans;Rs. 3299;10%;Rs. 2969;http://www.jabong.com/pepe-jeans-Green-Regular-Fit-Jeans-500037.html;"Be the fashion glitterati wearing these jeans by Pepe Jeans. These regular fit jeans are made using denim that makes it a perfect fit for some rock and roll.
Fabric        Denim
Lowers - Waist Rise        MID
Fit        Regular
Length        Full Length
Color        Green";1;1
Puma Black Solid Polo T Shirts;Puma;Rs. 999;0%;Rs. 999;http://www.jabong.com/Puma-Black-Solid-Polo-T-Shirts-427297.html;"Pop champagne and fake like a billionaire as you adorn this black coloured polo T-shirt from the house of PUMA. Soft texture of cotton and classic stitching make this regular-fit T-shirt best option for a brunch.
Fabric        Cotton
Sleeves        Half Sleeve
Neck        Polo Neck
Wash Care        HAND WASH. GENTLE MACHINE WASH. WASH WITH LIKE COLORS
Fit        Regular
Style        Solids
Color        Black";1;1
United Colors of Benetton Navy Blue Poplin Shirt Solid Casual Shirt;United Colors of Benetton;Rs. 1699;0%;Rs. 1699;http://www.jabong.com/United-Colors-of-Benetton-Navy-Blue-Poplin-Shirt-Solid-Casual-Shirt-518374.html;"Show and tell the world about your latest obsession with comfort when you adorn this blue coloured casual shirt by United Colors of Benetton. Let your skin feel the cool breeze as you adorn this regular-fit casual shirt fashioned using cotton.
Fabric        Cotton
Sleeves        Full Sleeve
Neck        COLLAR
Fit        Slim
Style        Solids
Color        Navy Blue";1;1
Puma Photon Ind Blue Floaters;Puma;Rs. 1399;0;Rs. 1399;http://www.jabong.com/Puma-Photon-Ind-Blue-Floaters-416858.html;"Keep your high-flying style intact as you adorn this pair of blue coloured floaters by PUMA. Designed as per the latest trend, this pair will catch every style-conscious man's attention.
Upper Material        Non Leather
Sole Material        Rubber
Inner Lining        Non Leather
Closing        Velcro
Tip shape        Open
Product warranty        3 MONTH AGAINST MANUFACTURING DEFECT
Color        Blue
Upper Material Details        SYNTHETIC LEATHER";1;2
Lee Cooper Black Dress Shoes;Lee Cooper;Rs. 2499;0;Rs. 2499;http://www.jabong.com/Lee_Cooper-Black-Dress-Shoes-145000.html;"Add a touch of chic into your suave look with this unique pair of black dress shoes from Lee Cooper. Stylishly designed, these leather shoes will offer you exemplary comfort and a snug fit.
Upper Material        Genuine Leather
Inner Lining        Leather
Closing        Slip On
Product warranty        3 Month Against Manufacturing Defects
Shoe Care        Surface Dirt can be cleaned with a dry, good quality brush, followed by polish to give color and shine to your shoe. For better results, clean your leather shoes using LEATHER shampoo and let them air-dry. Dry shoes at room temperature only, and never exp
Ankle Height        Low Ankle
Color        Black
Upper Material Details        Genuine Leather";1;2
Woodland Khaki Outdoor Shoes;Woodland;Rs. 3395;0;Rs. 3395;http://www.jabong.com/Woodland-Khaki-Outdoor-Shoes-392161.html;"Woodland brings to you these khaki coloured outdoor shoes, which are specially designed for men who love to explore new terrain. Sturdy and comfortable, these lace-ups feature a suede leather upper and leather lining. The TPR (thermoplastic rubber) sole further makes these outdoor shoes slip resistant and comfortable to walk on rough surfaces.
Upper Material        Suede Leather
Sole Material        TPR
Inner Lining        Leather
Closing        Lace-up
Tip shape        Round
Product warranty        3 MONTH AGAINST MANUFACTURING DEFECT
Color        Khaki
Upper Material Details        SUEDE LEATHER";1;2
Nike Liteforce II Mid White Sneakers;Nike;Rs. 2995;20%;Rs. 2396;http://www.jabong.com/Nike-Liteforce-II-Mid-White-Sneakers-393050.html;"Step out in style as you adorn this pair of black coloured sneakers by Nike. Detailed with a stylish upper, these sneakers are sure to add that extra touch of glamour to your feet.
Upper Material        Canvas
Sole Material        Rubber
Inner Lining        Non Leather
Closing        Lace-up
Tip shape        Round
Product warranty        6 MONTH AGAINST MANUFACTURING DEFECT
Ankle Height        Mid Ankle
Color        White
Upper Material Details        Canvas";1;2
Reebok Lite Scream Lp White Running Shoes;Reebok ;Rs. 1999;20%;Rs. 1598;http://www.jabong.com/Reebok-Lite-Scream-Lp-White-Running-Shoes-358048.html;"Enjoy your workout sessions wearing these white coloured 'Light Scream LP' running shoes from the house of Reebok. These shoes offer cushioning and maximum support. The mesh upper will let your feet breathe, whereas the rubber sole of these shoes ensures complete comfort and optimal surface traction.
Upper Material        Mesh
Sole Material        Rubber
Inner Lining        Mesh
Closing        Lace-up
Product warranty        3 MONTH AGAINST MANUFACTURING DEFECT
Color        White
Upper Material Details        Mesh";1;2
Adidas Brizo Navy Blue Flip Flops;Adidas ;Rs. 1199;20%;Rs. 959;http://www.jabong.com/Adidas-Brizo-Navy-Blue-Flip-Flops-375960.html;"Walk in style and with confidence wearing these navy blue coloured 'Brizo' flip-flops from the house of Adidas. These flip-flops will help you spruce up your cool and trendy look. The rubber sole ensures utmost comfort and maximum surface traction.
Upper Material        Non Leather
Sole Material        Rubber
Inner Lining        Non Leather
Closing        Open/slipper
Product warranty        3 MONTH AGAINST MANUFACTURING DEFECT
Shoe Care        Surface Dirt can be cleaned with a good quality brush or a damp cloth. Use shoe shiner for better results.
Color        Navy Blue
Upper Material Details";1;2
Andrew Hill Black Boots;Andrew Hill;Rs. 1499;0;Rs. 1499;http://www.jabong.com/andrew-hill-Black-Boots-572534.html;"For a man who likes to combine style and comfort, these black coloured boots for men from Andrew Hill are a must-have. Featuring premium quality synthetic upper and lining, these boots are comfortable to wear and are sure to become one of your favourites. The airmax sole makes them high on durability. 
Upper Material        SYNTHETIC
Sole Material        AIRMAX
Inner Lining        SYNTHETIC
Closing        Zip
Tip shape        Square
Product warranty        3 MONTH AGAINST MANUFACTURING DEFECT
Shoe Care        Surface Dirt can be cleaned with a good quality brush or a damp cloth.
Ankle Height        High Ankle
Color        Black
Upper Material Details           SYNTHETIC LEATHER";1;2
Fila Street Mate Black Sneakers;Fila;Rs. 2299;0;Rs. 2299;http://www.jabong.com/Fila-Street-Mate-Black-Sneakers-284703.html;"A perfect addition to your footwear closet this season is this pair of black sneakers from Fila. These not only offer superb comfort because of their non-leather upper and lining, but also provide good durability and traction, courtesy their rubber sole.
Upper Material        Non Leather
Sole Material        Rubber
Inner Lining        Non Leather
Closing        Lace-up
Product warranty        3 Month Against Manufacturing Defects
Shoe Care        Surface Dirt can be cleaned with a good quality brush or a damp cloth. Use shoe shiner for better results.
Ankle Height        High Ankle
Color        Black
Upper Material Details        SYNTHETIC LEATHER";1;2
Bata Brown Sandals;Bata;Rs. 1599;0;Rs. 1599;http://www.jabong.com/bata-Brown-Sandals-319163.html;"Make a striking fashion statement wearing this pair of brown sandals by Bata. Featuring a sleek design, these sandals look extremely classy. Detailed with PU  (polyurethane) outsole, these sandals are durable, lightweight and comfortable.
Upper Material        Genuine Leather
Sole Material        Pu
Inner Lining        Leather
Closing        Unspecified
Product warranty        60 Days AGAINST MANUFACTURING DEFECT
Color        Brown
Upper Material Details        Genuine Leather";1;2
Lotto Techno Ii Navy Blue Running Shoes;Lotto;Rs. 2199;0;Rs. 2199;http://www.jabong.com/Lotto-Techno-Ii-Navy-Blue-Running-Shoes-554301.html;"Lotto presents these ‘Techno II’ running shoes that will provide proper support and excellent comfort to your feet, while gymming or practicing on the field. Navy blue in colour, these lace-ups for men featuring a low-ankle design are lightweight and flexible.
Features:
Synthetic material upper
Mesh lining
Rubber sole
Upper Material        Synthetic Leather
Sole Material        Rubber
Inner Lining        Mesh
Closing        Lace-up
Tip shape        Round
Product warranty        3 MONTH AGAINST MANUFACTURING DEFECT
Fit        REGULAR
Ankle Height        Low Ankle
Color        Navy Blue
Upper Material Details        Synthetic";1;2
Mont Blanc Legend Edt;Mont Blanc;Rs. 4950;46%;Rs. 2675;http://www.jabong.com/Mont_Blanc-Legend-Edt-100Ml-237591.html;Instil confidence into your personality by dabbing this ‘Legend’ EDT from Mont Blanc.  With a rich, masculine fragrance, this EDT includes top notes of bergamot, heart notes of lavender along with base notes of evernyl (oak moss molecule).;1;3
Philips Beared Trimmer;Philips ;Rs. 1295;0;Rs. 1295;http://www.jabong.com/philips-Beared-Trimmer-QT4000-15-500822.html;Get ready to perfect that 5 o’clock shadow that gets the ladies swooning with this ‘Beard Trimmer QT4000/15’ from Philips. Offering precision settings from 1-10 mm, this trimmer promises 35 minutes of cordless use after 10 hours of charging. It also has an ergonomic design and a detachable head that make using and cleaning it that much easier.;1;3
Organix Macadamia Oil Shampoo;Organix;Rs. 725;0;Rs. 725;http://www.jabong.com/organix-Macadamia-Oil-Shampoo-385Ml-438074.html;"Add shine to your hair and make it soft with this unisex ‘Macadamia Oil’ shampoo from Organix ®. This shampoo will provide nourishment to your hair owing to its sugarcane and bamboo extracts along with the macadamia oil. It comes in a 385 ml pack.
Special features        Drench your strands in an ultra-moisturizing luxurious shampoo infused with nutrients, rich in macadamia oil which instantly hydrate and smooth parched dry hair while exotic sugarcane extract and bamboo extract soften and mend split ends for a luscious, v
Kit Contents & How to Use        Apply Organix shampoo generously to wet hair, massage into lather through to ends then rinse hair thoroughly. Follow with Organix Conditioner. For best result use in conjunction with other Organix products. Warnings: Avoid contact with eyes.";1;3
Hugo Boss Pure Deodorant150ml;Hugo Boss;Rs. 1295;27%;Rs. 951;http://www.jabong.com/Hugo-Boss-Pure-Deodorant150ml-82922.html;"Pure from Hugo Boss has amarine sport fragrance, which contains - Citrus, lily, Hyacynth and Mossoia Wood. This deodorant has a Metallic citrus opening which is slightly spicy and mildly floral. This fresh water scent is energizing.

";1;3
Kaya Daily Use Sunscreen2B SPF-15;Kaya;Rs. 790;0;Rs. 790;http://www.jabong.com/kaya-Daily-Use-Sunscreen-SPF-15-83856.html;" It contains SPF 15, which will protect your skin from tanning and pigmentation. It will keep your skin moisturised all day long. A perfect skin solution for summer!
Base Unit of Measure        ML";1;3
DOVE Hairfall Rescue Hair Oil 90 Ml;DOVE;Rs. 185;0;Rs. 185;http://www.jabong.com/dove-Hairfall-Rescue-Hair-Oil-90-Ml-277466.html;Use ‘Hairfall Rescue’ hair oil from Dove to keep the hairfall problem at bay. This hair oil will blend well into your scalp and will nourish your hair from root to tip. This non-sticky hair oil is suitable for all types of hair.;1;3
Bath & Body Works Ocean 2In1 After Shave Lotion 3.4Oz;Bath & Body Works ;Rs. 950;5%;Rs. 903;http://www.jabong.com/bath-body-works-Ocean-2In1-After-Shave-Lotion-34Oz-421437.html;"Now have a smooth and complete shaving experience by applying this ‘Ocean 2 in 1 after shave lotion from the house of Bath & Body Works. It sooths irritated skin and makes it soft and supple. Definitely a must-have in your shaving kit! 
Special features        Ocean for Men is a fresh blend of cypress, vetiver and yuzu
Kit Contents & How to Use        Apply lightly to face and neck immediately after shaving; avoid contact with eyes
Ingrediants        Bergamot, Armoise, Yuzu Zest, Elemi, Watermelon, Lavendin, Cypress, Nutmeg,Orris, Olibanum, Patchouli, Cedarwood, Vettiver";1;3
Axe Provoke Deodorant;Axe;Rs. 165;0;Rs. 165;http://www.jabong.com/axe-Provoke-Deodorant-447484.html;Impress everyone around you wearing the refreshing fragrance of this ‘Provoke Deodorant’ from the house of AXE. The tempting fragrance of this deodorant for men contains masculine notes of coconut, marshmallow, hazelnut and caramel. Luxurious and long-lasting, it will keep you fresh and rejuvenated all day long.;1;3
Casmara Mask;Casmara;Rs. 4900;0;Rs. 4900;http://www.jabong.com/casmara-Casmara-Mask-2080-20-pcs-KIT-507944.html;"Pamper your facial skin with this 20-piece mask kit from CASMARA. This kit of 10 pieces of face gel sand 10 pieces of facial powders is a great pick to get glowing skin. This kit consists of 24 karat gold dust that will surely revitalise your skin and so is a must-have.
Special features        The 24K Gold Dust provides a tightening
effect for the face and neckline whilst aiding the
intense nutrition and revitalization obtained from
the MINERALS at the same time.
Kit Contents & How to Use        STEP 1 Mix the ratio of gel and powder into a suitable bowl.
STEP 2 Using a spatula, preferably plastic, stir both phases together briskly for about 30 
seconds, forming a smooth paste.
STEP 3 With the same spatula apply and extend the mask on the face within about 4 minutes,
before it starts to set. It is possible to cover eyes and lips.
STEP 4 Leave the mask on to act for 15 to 20 minutes.
STEP 5 Remove the mask in one piece.";1;3
The Body Shop 4 Pc White Musk Sport Medium Gift Set;The Body Shop;Rs. 4295;5%;Rs. 4080;http://www.jabong.com/the-body-shop-4-Pc-White-Musk-Sport-Medium-Gift-Set-147768.html;This kit from the house of The Body Shop is meant for those who like to keep their skin healthy. The musks in this kit will keep your skin scented and moisturised. Gift yourself this kit today, and pamper your skin like never before. This is also an ideal option for gifting.;1;3
Giordano P6868 Black Analog Watch;Giordano;Rs. 5850;66%;Rs. 1999;http://www.jabong.com/giordano-P6868-Black-Analog-Watch-183702.html;"Featuring silver coloured trims on the black base, two sub-dials displaying local and home time and a sleek silhouette, this watch from Giordano would add instant class to your corporate and casual attire. The stainless steel strap would sit comfortably on your wrist while the push-button deployment clasp makes it easy to wear. 
Type        Analog Watches
Water Resistance        3 ATM
Case Material        STAINLESS STEEL
Warranty        1 YEAR
USP        This is a guaranteed, 100% genuine Giordano watch. To verify authenticity, follow the below steps :
1. Identify the hologram sticker in the user manual.
2. Scratch the space in grey (like a scratch card) on this sticker to see your watch unique serial number.
3. Log on to www.giowarranty.com. Enter all details to register your watch
Color        Black
Dial Shape        Round
Material        Stainless Steel";1;4
MTV Brown Aviator;MTV;Rs. 3450;80%;Rs. 699;http://www.jabong.com/mtv-Brown-Aviator-244430.html;"Stay in style this season wearing these brown coloured Aviators from MTV. Featuring a metal frame, these full-rim sunglasses are durable. The UV-protected lenses are good for your sensitive eyes. Team these sunglasses with your casual, formal or semi-formal outfits.
Type        Aviators
Lens Type        UV PROTECTED
Product Dimensions        Eye Width : 60 mm ; Nose bridge : 15mm ; Arm length : 130 mm ; Frame Width : 135 mm
Frame Shape        Aviator
Color        Brown
Frame Color        Gun-Metal
Lens Color        Brown
Material        Metal";1;4
United Colors of Benetton Dark Military Basic Belt;United Colors of Benetton ;Rs. 699;0;Rs. 699;http://www.jabong.com/United-Colors-of-Benetton-Dark-Military-Basic-Belt-567229.html;" Made from polyester, this belt is durable and lightweight. The brand logo inscribed on the metal buckle will surely impress you instantly.
Color        Blue
Material        Polyester";1;4
Ycode Black2FMulti Moblie Covers For Iphone 5;Ycode;Rs. 599;15%;Rs. 509;http://www.jabong.com/ycode-Black-Multi-Moblie-Covers-For-Iphone-5-470623.html;"Here is a great, light-weight option for protecting your Apple iPhone 5 in the form of this black coloured mobile cover from the house of Ycode. Made using plastic, this mobile cover is like a second skin and a must have accessory!
Type        Mobile Covers & Cases
Device Model        Apple iPhone 5
Device Brand        Apple
Color        Black
Material        Plastic
Device Brand        Apple
Device Model        Apple iPhone 5";1;4
NEOPACK Navy Blue Covers & Cases;NEOPACK ;Rs. 999;0;Rs. 999;http://www.jabong.com/neopack-Navy-Blue-Covers-Cases-485634.html;"You will become a trendsetter by carrying your tablet in this navy blue coloured ‘Book Type’ case from Neo Pack. This case is designed to provide complete protection to your tablet from scratch and damage. Its quality PU (polyurethane) material adds to its durability.
Type        Mobile Covers & Cases
Color        Navy Blue
Material        PU";1;4
Parker Chrome Galaxy Ss Gt Ball Pen With Wallet;Parker;Rs. 1050;0;Rs. 1050;http://www.jabong.com/parker-Chrome-Galaxy-Ss-Gt-Ball-Pen-With-Wallet-520280.html;"Pen down your revolutionary ideas with this silver coloured ballpoint pen by Parker. Made from stainless steel, this pen features Quinkflow® technology for an uninterrupted and smooth writing experience. You can also gift this pen to your friend, who loves writing.  
Type        Ball Pens
USP        Galaxy, the new design from Parker, meant for those young aspirants who are willing to experiment and love to win. New slim design. Adorned with shiny hood at top. Gold Plated trims for premium look. Stainless steel cap with classic plastic finish barrel.
Color        Silver
Material        Stainless Steel";1;4
Sheaffer Basket Ball Fountain Pen;Sheaffer ;Rs. 1450;40%;Rs. 870;http://www.jabong.com/sheaffer-Basket-Ball-Fountain-Pen-223626.html;"Writing will be a delightful experience with this fountain pen from the house of Sheaffer. Assuring smooth and blotproof writing, this fountain pen mesmerises with its multicoloured body and fine engraving on the clip. A delight to possess, this fountain pen will also serve as an excellent birthday gift for your father.  
Type        Fountain Pens
USP        This is a brand new fountain pen. Never used nor dipped. Original Sheaffer pen in Sheaffer packing. 2 cartridges will accompany the fountain pen.Stainless steel trim and cap button.Engraving on clip Sheaffer USAáUnbeatable value, smooth writing.
Color        Multi";1;4
Titan Black Rimless;Titan;Rs. 1520;0;Rs. 1520;http://www.jabong.com/titan-Black-Rimless-550802.html;"Titan offers this black coloured frame that will certainly deck up your everyday look. Made from metal, this unisex frame will last for years to come.  A true value for money, this rimless frame can be used with both power and anti-glare lenses.
Color        Black
Material        Metal";1;4
ILINA Tzprsrbox14 Silver Watch Case;ILINA ;Rs. 1399;0;Rs. 1399;http://www.jabong.com/ilina-Tzprsrbox14-Silver-Watch-Case-548350.html;"If your beloved sister is too possessive about her expensive, vintage timepiece, then this silver coloured watch organiser from Ilina will be an ideal gift. A perfect blend of style and utility, this watch organiser will help in keeping her favourite watch safe in a fashionable manner. Made from faux leather, this organiser is durable and will easily fit in her travel bag. 
Type        Watch Cases
Product Dimensions        D-9 x L-20.5 cms
USP        MDF Wood, Faux Leather, Poly Cotton Filling, Space for 3 Watches. Travel Case with 3 Watch Compartments.
Color        Silver
Material        Faux Leather";1;4
Casio Classic MTP 1192E 7ADF 1 Brown / White Analog Watch;Casio;Rs. 2995;5%;Rs. 2846;http://www.jabong.com/casio-Classic-MTP-1192E-7ADF-1-Brown-White-Analog-Watch-114825.html;"Keep up with time in this stylish watch. Accessorize your wear every time you are out with your friends or at work. Styling was never so easy. With this watch on your wrist, you are sure to steal some glances your way.
Type        Analog Watches
Product warranty        2 YEAR
USP        Note that the warranty does not cover: 
1. Damage caused to strap, case or acrylic crystal due to mishandling.
2. Scratching or peeling off of the printing.
3. Normal signs of fading of the strap and case.
Color        Brown
Material        Leather";1;4
Miss Bennett Boat Neck Bow Top;Miss Bennett;Rs. 599;0;Rs. 599;http://www.jabong.com/miss-bennett-Boat-Neck-Bow-Top-296378.html;"Check out this maronn coloured ‘Missbcoret’ top from Miss Bennett that is designed to rev up the appearance of the wearer. This top features an attractive bow motif attached on the front that adds to its attraction. This cotton top will be soft against your skin and comfortable to wear. Match it with black coloured jeans to look your casual best.
Fabric        Polyester
Wash Care        MACHINE WASH COLD, DO NOT DRY CLEAN, DO NOT BLEACH, COOL IRON IF NEEDED
Fit        Regular
Color        Maroon";2;1
Sangria Blue Printed Anarkali Cotton Kurta;Sangria;Rs. 1099;0;Rs. 1099;http://www.jabong.com/Sangria-Blue-Printed-Anarkali-Cotton-Kurta-With-3-4Th-Sleeves-And-Brocade-Fabric-At-Neck-Cuffs-And-Hemline-490957.html;"Breathe life into your seasonal wardrobe wearing this kurta by Sangria. Made from cotton, this kurta is light in weight and perfect for daily wear. The dupatta and salwar will further accentuate your ethnic look.
Fabric        Cotton
Fit        Regular
Color        Blue";2;1
Fabdeal Printed Multi Saree;Fabdeal;Rs. 1500;15%;Rs. 1049;http://www.jabong.com/fabdeal-Printed-Multi-Saree-189144.html;"Check out this beautiful, multicoloured saree that offers a refreshing change from the traditional ones! Featuring a stripe pattern, this saree from Fabdeal will make a great choice for those kitty parties. Additionally, the georgette fabric will offer excellent drape and fall for your convenience.
Fabric        Georgette
Wash Care        HAND WASH / DRY IN SHADE
Style        Printed
Color        Multi";2;1
Lara Karen Khaki Cotton Slim Fit Trousers;Lara Karen;Rs. 799;0;Rs. 799;http://www.jabong.com/Lara-Karen-Khaki-Cotton-Slim-Fit-Trousers-469556.html;"Flaunt a no-fuss look as you wear these trousers from the house of Lara Karen. Made from cotton, these stretchable trousers will accentuate your look effortlessly. Club these with your favourite top and step out in a casual yet classy look.
Fabric        Cotton
Fit        Slim Fit
Length        Full Length
Style        SOLIDS
Color        Khaki";2;1
I Know 3/4th Sleeve White Dress;I Know;Rs. 1999;0;Rs. 1999;http://www.jabong.com/i-know-3-4Th-Sleeve-White-Dress-537097.html;"Jet from casual to conservative & vice-versa with ease wearing this white coloured dress from the house of I Know. Crafted from crepe, it will keep you comfortable throughout the party. This sexy dress can be best teamed with matching sandals and a clutch.
Fabric        Crepe
Sleeves        3/4th Sleeve
Neck        Round Neck
Wash Care        HAND WASH
Fit        Regular
Length        Mini/Short
Color        White";2;1
Begin101 Pink Linen Printed Shirt;Begin101;Rs. 1099;55%;Rs. 499;http://www.jabong.com/begin101-Pink-Linen-Printed-Shirt-459068.html;"Pink coloured printed shirt for women by Begin101. Made from linen this shirt comes in regular-fit.
Fabric        Linen
Wash Care        Gentle hand wash in Cold. Iron at low heat. Dry in shade.
Fit        Regular
Style        Printed
Color        Pink";2;1
Hypno Tex Georgette Embroidered White Dress Material;Hypno Tex;Rs. 5099;0;Rs. 5099;http://www.jabong.com/hypno-tex-Georgette-Embroidered-White-Dress-Material-554066.html;"It’s time to look your best at an upcoming family function as you wear a designer suit stitched using this white coloured dress material by Hypnotex. Featuring zari and patch patta work, this dress material will surely impress you instantly. It consists of a faux georgette top, shantoon bottom and a chiffon dupatta. Choose your own style of sleeves and neck to receive a lot of compliments.
Fabric        Georgette
Length        Full Length
Package Contents        TOP, BOTTOM, AND DUPATTA
Style        Embroidered
Color        White";2;1
Puma Stretchable Purple Cotton Capris;Puma;Rs. 1799;0;Rs. 1799;http://www.jabong.com/Puma-Stretchable-Purple-Cotton-Capris-369924.html;"Hit the gym in style wearing these purple coloured 3/4ths from the house of PUMA. Made from cotton spandex, these regular-fit 3/4ths will keep you comfortable while working out or running. The elasticated waistband will provide a snug fit. Team these with a black coloured T-shirt and complete your sporty look.
Fabric        Cotton Spandex(Stretchable)
Fit        Regular
Length        3/4th Length
Style        SOLIDS
Color        Purple";2;1
Vero Moda Medium Blue Long Sleeve Denim Jacket;Vero Moda ;Rs. 3495;0;Rs. 3495;http://www.jabong.com/vero-moda-Medium-Blue-Long-Sleeve-Denim-Jacket-566975.html;"Denim jackets are always in vogue. Check out this blue coloured jacket from VERO MODA that is a must-have for modern women. Made from polycotton, this regular-fit jacket ensures great comfort all day long. Wear this hip-length jacket over a white coloured top and team it with a pair of jeans to complete your casual look for the day.
Fabric        Denim
Sleeves        Full Sleeve
Neck        Collar
Wash Care        dark colours to be washed separately
Fit        Regular
Length        Hip length
Color        Blue";2;1
Femella Formal Side Peplum Dress;Femella;Rs. 1050;0;Rs. 1050;http://www.jabong.com/Femella-Formal-Side-Peplum-Dress-579731.html;"Get ready for a corporate party by wearing this peach coloured peplum dress from Femella. Classy in design, this dress will surely increase your style quotient. Made from cotton spandex, this stretchable dress will cling perfectly to your figure.
Type        Peplum Dress
Fabric        Cotton Spandex(Stretchable)
Sleeves        Sleeve Less
Neck        Round Neck
Wash Care        Cold Wash
Length        MIDI
Style        SOLIDS
Color        Peach";2;1
Reebok Drive Lp Black Floaters;Reebok ;Rs. 1499;25%;Rs. 1124;http://www.jabong.com/Reebok-Drive-Lp-Black-Floaters-31965.html;"Looking for comfortable footwear for your summer casuals? Put some style in your attire with these smart black sandals from Reebok. Made from high quality non-leather material, these sandals feature velcro strap which offers snug fit. Wear these with a pair of shorts to get the perfect casual look!
Upper Material        Non Leather
Sole Material        Pu
Inner Lining        Non Leather
Closing        Velcro
Product warranty        3 Month Against Manufacturing Defects
Color        Black
Upper Material Details        SYNTHETIC LEATHER";2;2
Carlton London Black Belly Shoes;Carlton London;Rs. 1795;0;Rs. 1795;http://www.jabong.com/Carlton_London-Black-Belly-Shoes-381153.html;"Make the heads turn as you step out with this pair of black coloured belly shoes by Carlton London. Experience the blissful comfort as you adorn this pair of belly shoes, which is crafted using comfortable TPR (thermoplastic rubber) sole. Chinese collar shirt and high-rise pants with this pair will make you look like a diva.
Upper Material        Non Leather
Sole Material        TPR
Inner Lining        Non Leather
Closing        Slip On
Heel shape        Flat
Heel height        Flat: 0-1.5 Inch
Product warranty        3 MONTH AGAINST MANUFACTURING DEFECT
Color        Black
Upper Material Details        SYNTHETIC LEATHER";2;2
Nike Ballista Iv Grey Running Shoes;Nike;Rs. 2595;0;Rs. 2595;http://www.jabong.com/Nike-Ballista-Iv-Grey-Running-Shoes-533258.html;"Nike offers these ‘Ballista IV’ running shoes that are all you need to take your practice sessions to a new level. Grey in colour, these lace-ups for women feature a low-ankle design that will provide better support and great comfort to your feet.
Features:
Mesh upper
Mesh lining
Rubber sole
Upper Material        Mesh
Sole Material        Rubber
Inner Lining        Mesh
Closing        Lace-up
Tip shape        Round
Product warranty        6 MONTH AGAINST MANUFACTURING DEFECT
Fit        REGULAR
Ankle Height        Low Ankle
Color        Grey
Upper Material Details        Mesh";2;2
STEPpings Black Platforms;STEPpings ;Rs. 1799;36%;Rs. 1149;http://www.jabong.com/step-pings-Black-Platforms-424788.html;"Get dressed to the nines by wearing these platforms by Step Pings. Designed for fashion-forward women, these platforms feature a non-leather upper that has an excellent finish and non-leather lining for added comfort. Wear with skinny jeans and a printed blouse to ensure a comfortable day ahead.
Upper Material        Non Leather
Sole Material        TPR
Inner Lining        Non Leather
Closing        Slip On
Heel shape        Stiletto
Heel height        High: Above 3.5 Inch
Tip shape        Round
Shoe Care        Surface Dirt can be cleaned with a good quality brush or a damp cloth. Use shoe shiner for better results.
Color        Black
Upper Material Details        SYNTHETIC LEATHER";2;2
Lavie Red Sandals;Lavie;Rs. 1395;0;Rs. 1395;http://www.jabong.com/Lavie-Red-Sandals-543064.html;"Let the crazy you pop out for a day with this pair of red coloured sandals from the house of Lavie. Let the sun go down for uncomfortable shoes, as you opt for this pair of sandals that is crafted using comfortable resin sole. Play with sheer fabric outfits while clubbing this pair of sandals for the look of the day.
Upper Material        SYNTHETIC
Sole Material        Resin Sheet
Inner Lining        SYNTHETIC
Closing        Slip On
Heel shape        Flat
Heel height        Flat: 0-1.5 Inch
Tip shape        Open
Shoe Care        Surface Dirt can be cleaned with a good quality brush or a damp cloth.
Color        Red
Upper Material Details        SYNTHETIC LEATHER";2;2
MB Collection Calf Length Brown Boots;MB Collection;Rs. 2099;25%;Rs. 1574;http://www.jabong.com/mb-collection-Calf-Length-Brown-Boots-520798.html;"Be the cynosure of all eyes when you adorn this pair of brown coloured boots by MB Collection. Contrasting upper and sole presents a sleek pair of boots, which is flexible and hard wearing. Flaunt this pair of boots with a floral blazer and narrow-fit jeans for an ideal look.
Upper Material        SYNTHETIC
Sole Material        TPR
Inner Lining        SYNTHETIC
Closing        Zip
Heel shape        Flat
Heel height        Flat: 0-1.5 Inch
Tip shape        Round
Shoe Care        Surface Dirt can be cleaned with a good quality brush or a damp cloth.
Color        Brown
Upper Material Details        SYNTHETIC LEATHER";2;2
Puma Lucie Iii Ind Blue Flip Flops;Puma ;Rs. 1299;0;Rs. 1299;http://www.jabong.com/Puma-Lucie-Iii-Ind-Blue-Flip-Flops-484364.html;"Get ready to lounge at home in style by slipping into these blue coloured women’s flip-flops from PUMA. Not only are these comfortable to wear because of the rubber upper and synthetic lining, but also offer slip-resistance and cushioning, courtesy the EVA (ethylene vinyl acetate) sole.
Upper Material        Rubber
Sole Material        Eva
Inner Lining        SYNTHETIC
Closing        Slip On
Tip shape        Open
Product warranty        3 MONTH AGAINST MANUFACTURING DEFECT
Shoe Care        Clean your shoes with mild cleaning foam & lukewarm water, and use a good quality brush to remove loose surface dirt. If your shoes are wet after cleaning, let them air-dry in room temperature only and avoid exposure to direct sun.
Color        Blue";2;2
HYPE White Gladiators;HYPE;Rs. 2199;10%;Rs. 1979;http://www.jabong.com/hype-White-Gladiators-484992.html;"Cruise through the fashion world with this pair of white coloured gladiators by HYPE. Feel snug as a bug in a rug with this pair of gladiators, featuring a comfortable resin sole. Chinese collar shirt and high-rise pants with this pair will make you look like a diva.
Upper Material        SYNTHETIC
Sole Material        Resin Sheet
Inner Lining        SYNTHETIC
Closing        Zip
Heel shape        Wedge
Heel height        Medium: 2.5-3.5 Inch
Tip shape        Open
Product warranty        2 MONTH AGAINST MANUFACTURING DEFECT
Shoe Care        Surface Dirt can be cleaned with a good quality brush or a damp cloth.
Color        White";2;2
Nell Blue Wedges;Nell;Rs. 1285;0;Rs. 1285;http://www.jabong.com/nell-Blue-Wedges-549562.html;"Nell offers these classy, blue coloured wedges that are something you will instantly fall in love with. While the synthetic upper and lining lend durability to them, the PU (polyurethane) sole makes them lightweight and slip-resistant.  Undeniably stylish, these open-toe wedges will look great with your floral-print tea dresses.  
Upper Material        Synthetic Leather
Sole Material        Pu
Inner Lining        SYNTHETIC
Closing        Buckle
Heel shape        Wedge
Heel height        Medium: 2.5-3.5 Inch
Tip shape        Open
Shoe Care        Surface Dirt can be cleaned with a good quality brush or a damp cloth.
Color        Blue
Upper Material Details        SYNTHETIC LEATHER";2;2
MB Collection Pink Loafers;MB Collection;Rs. 1299;0;Rs. 1299;http://www.jabong.com/mb-collection-Pink-Loafers-532609.html;"Be a la mode when you adorn this pair of pink coloured loafers by MB Collection. Let the sun go down for uncomfortable shoes, opt for this pair of loafers that is crafted using a comfortable TPR (thermoplastic rubber) sole. Fill the space with magic as you wear this pair with linen trousers and a cowl neck top.
Upper Material        SYNTHETIC
Sole Material        TPR
Inner Lining        SYNTHETIC
Closing        Slip On
Heel shape        Flat
Heel height        Flat: 0-1.5 Inch
Tip shape        Round
Shoe Care        Surface Dirt can be cleaned with a good quality brush or a damp cloth.
Color        Pink
Upper Material Details        SYNTHETIC LEATHER";2;2
The Body Shop 3 Pc Heavenly Hands Set;The Body Shop;Rs. 1595;5%;Rs. 1515;http://www.jabong.com/the-body-shop-3-Pc-Heavenly-Hands-Set-170605.html;It’s time to take care of your nails and hands with this 3-piece Nail & Hand Care kit from The Body Shop. Enjoy soft hands and perfect and clean nails with this kit consisting of 2 pieces of wild rose hand cream with SPF 15 and almond hand and nail cream. The hand cream will also save your skin from tanning.;2;3
VLCC Manicure Pedicure Kit;VLCC;Rs. 475;0;Rs. 475;http://www.jabong.com/vlcc-Manicure-Pedicure-Kit-437583.html;Pamper yourself at home with this unisex ‘Manicure Pedicure’ kit from VLCC. The scrub, cream, cleaner and the anti tan pack of this kit along with the cuticle oil will allow you to cleanse the skin and make it soft and healthy. This kit will allow you to get rid of tanning also.;2;3
Lotus Herbals Nutraeye Rejuvenating & Correcting Eye Gel;Lotus Herbals;Rs. 275;0;Rs. 275;http://www.jabong.com/Lotus-Herbals-Nutraeyeao-Rejuvenating-Correcting-Eye-Gel-24902.html;"Remove your eye's puffiness with this 'Nutraeye Rejuvnating and Correcting' eye gel from the house of Lotus Herbals. This eye gel with soothe the skin around your eyes, making you look fresh. This gel will also help you lighten the dark circles, wrinkles and crow's feet.
Base Unit of Measure        GMS
Attribute        Rejuvenating
Formulation        Natural";2;3
Lotus Herbals Lip Therapy Fresh Mint;Lotus Herbals ;Rs. 135;0;Rs. 135;http://www.jabong.com/Lotus-Herbals-Lip-Therapy-Fresh-Mint-266116.html;Lotus Herbals bring forth ‘Lip Therapy Fresh Mint’ that has a very refreshing and soothing fragrance. Prepared using natural extracts, it provides the required moisture to your lips. It also effectively heals dry, cracked and chapped lips.;2;3
Versace Bright Crystal Eau De Toilette 90ML;Versace;Rs. 4950;31%;Rs. 3430;http://www.jabong.com/Versace-Bright-Crystal-Eau-De-Toilette-90ML-74028.html;A fresh, vibrant and flowery scent by Versace. The bottle is magnificent and grand and will sit like a piece of jewel on your dresser. The fragrance has top notes of pomegranate that makes it refreshing and sensual.;2;3
VEGA GO HANDY;VEGA;Rs. 650;0;Rs. 650;http://www.jabong.com/vega-VEGA-GO-HANDY-431086.html;Planning a mini vacation with your girlies? Then, don’t forget to carry along this‘ Go Handy’ hair dryer that is all you need to sport different hairstyles everyday! Featuring foldable handles for ease of operation, this hair dryer from Vega is worth including in your hair styling tools!;2;3
Gloria Garcia Body Oil;Gloria Garcia;Rs. 990;0;Rs. 990;http://www.jabong.com/gloria-garcia-Body-Oil-135882.html;A perfect skin care solution, this nourishing Body Oil from Gloria Garcia deeply hydrates and softens skin. Formulated using a base of the components of the olive, obtained from both the olive leaf and from the oil, it has antioxidant, hypotensive and vasodilatory properties. Massage gently for best results.;2;3
L'Oreal Paris Dermo Expertise-Youth-Code-Night-Cream;L'Oreal Paris;Rs. 1149;0;Rs. 1149;http://www.jabong.com/L-Oreal-Paris-Dermo-Expertise-Youth-Code-Night-Cream-446369.html;Keep your skin hydrated even when you are sleeping by applying this ‘Dermo Expertise Youth Code Night’ cream for women from L’Oréal Paris. This cream will initiate skin renewal so that you get back the youthful and healthy skin. It comes in 50 ml pack.;2;3
L'Oreal Paris Super Liner Luminizer Brown Eyes;L'Oreal Paris;Rs. 675;10%;Rs. 608;http://www.jabong.com/L-Oreal-Paris-Super-Liner-Luminizer-Brown-Eyes-402153.html;"Express through your hypnotic eyes using this ‘Super Luminizer’ eye liner from L’Oréal Paris.  This eye liner will accentuate the beauty of your eyes with a single slide. It will keep your eyes smudge free for hours.  
Package Content   Super Liner Luminizer Brown Eyes";2;3
L'Oreal Paris Nail Art 011 Monogram;L'Oreal Paris;Rs. 299;10%;Rs. 269;http://www.jabong.com/L-Oreal-Paris-Nail-Art-011-Monogram-290537.html;"Lend your nails a classy finish with this pack of long-lasting ‘011 Monogram’ nail art stickers from L’Oreal Paris. These nail art stickers are extremely easy to apply. Use this nail art and get beautiful nails instantly.   
Package Content        Nail Art 011 Monogram";2;3
Miss Bennett Pink Bow Hair Band;Miss Bennett ;Rs. 299;50%;Rs. 150;http://www.jabong.com/miss-bennett-Pink-Bow-Hair-Band-425986.html;"In a charming pink colour and having a beautiful design, this hair band from Miss Bennett is just the accessory to keep your beautiful mane in place. Furthermore, since it is made from fabric, it is lightweight, long-lasting and easy to maintain too.
Type        Hair Bands
USP        Stones: , Work Type:
Color        Pink
Material        Fabric";2;4
Puma Cat Pink Leather Belt;Puma;Rs. 1699;0;Rs. 1699;http://www.jabong.com/Puma-Cat-Pink-Leather-Belt-429036.html;"Don a distinctive look wearing this pink coloured belt from the house of PUMA. Made of leather, this women's belt will withstand the test of time. This belt will not only make you look stylish but will also hold your pants in place. The stylish buckle adds more elegance to this belt.
Style        Solids
Color        Pink";2;4
Panache Grey Gradient/Maroon Oval Sunglasses;Panache;Rs. 1450;40%;Rs. 870;http://www.jabong.com/panache-Grey-Gradient-Maroon-Oval-Sunglasses-567747.html;"When wearing this pair of grey coloured oval sunglasses for women from Panache, you will surely get noticed by everyone. This pair of polycarbonate sunglasses is extremely durable and so is truly a worthy pick. High on style, this pair of UV-protected sunglasses will protect your delicate eyes from damage.
Type        Oval Frames
Lens Type        UV PROTECTED
Frame Shape        Oval
USP        Full Rim UV Protected Oval Sunglasses. Lens Material - Polycarbonate.
Color        Grey
Frame Color        Maroon
Lens Color        Grey
Material        Polycarbonate";2;4
Baggit Mp Raas Barati Purple Mobile Pouch;Baggit;Rs. 675;0;Rs. 675;http://www.jabong.com/baggit-Mp-Raas-Barati-Purple-Mobile-Pouch-269193.html;"Protect your phone from dust and scratches by using this purple coloured mobile pouch from the house of Baggit. Made from PU (polyurethane), this pouch is very durable. It features a stylish closure for easy access. A must-have accessory for your phone! 
Type        Mobile Covers & Cases
Color        Purple
Material        PU";2;4
Puma Slice-S-89105303 White/Purple Analog Watch;Puma;Rs. 6499;0;Rs. 6499;http://www.jabong.com/Puma-Slice-S-89105303-White-Purple-Analog-Watch-435355.html;"Make an impression on your friends by flaunting this white coloured analog watch for women from the house of Puma. Silicon strap will keep your wrist at ease and 50 m water resistance will let you wear it during the rainy season.
Type        Analog Watches
Product warranty        1 YEAR
Water Resistance        50 M
Case Material        STAINLESS STEEL
USP        Note that the warranty does not cover: 
1. Damage caused to strap, case or acrylic crystal due to mishandling.
2. Scratching or peeling off of the printing.
3. Normal signs of fading of the strap and case.
Color        White
Dial Shape        Round
Material        Silicon";2;4
CaratLane Rose Bud Ring;CaratLane ;Rs. 100250;10%;Rs. 90225;http://www.jabong.com/caratlane-Rose-Bud-Ring-520571.html;"Silver coloured ring for women from Caratlane. Made from 18 karat gold, it is studded with Ruby.
Stone Type        Ruby
Shapes        Round
Diamond Clarity-Color        IJ - SI
Diamond Carat Weight        0.6
USP        Product detail:Diamond carat weight=11.32;No of diamond pcs=90;Metal weight=0.6009
Color        Silver
Material        18 Karat Gold";2;4
Diovanni Multi Necklace;Diovanni;Rs. 1500;33%;Rs. 999;http://www.jabong.com/diovanni-Multi-Necklace-582806.html;"Multicoloured necklace for women by Diovanni. This necklace is made from alloy.
Product Weight without Package        50 gms
USP        PRODUCT DETAIL:PRODUCT SIZE=MIN 21 INCH MAX 23 INCH;DIMENSION=PENDANT HEIGHT 3.5 INCH PENDANT BREADTH 5 INCH
Color        Multi
Material        Alloy";2;4
Puma Grey Handbag;Puma Grey Handbag;Rs. 2499;0;Rs. 2499;http://www.jabong.com/Puma-Grey-Handbag-270232.html;"Looking for a handbag that can complement your stylish sporty look? Consider this grey coloured handbag from PUMA that will fit the bill. Featuring a trendy shape, twin grab handles and multiple zip fastenings, this handbag will help you carry your world in a fashionable and convenient manner. Made from non-leather material, this handbag has a fabulous finish and is durable as well. 
Extra Handle        No
Number of Compartments        1
No. of Pockets        2
Color        Grey
Material        Non Leather
No. of Zips        3";2;4
Olvin Pink Frames;Olvin;Rs. 799;0;Rs. 799;http://www.jabong.com/olvin-Pink-Frames-460036.html;"Look stylish and glamorous wearing this pink coloured optical frame from the house of Olvin. Exuding a high fashion appeal, this rimless, unisex frame will definitely complement your charming look. Made from plastic, this lightweight, rectangular frame will sit comfortably on your nose bridge.
Frame Shape        Rectangular
Color        Pink
Frame Color        Pink
Material        Plastic";2;4
Ycode Gold Moblie Covers For Iphone 4;Ycode;Rs. 599;0;Rs. 599;http://www.jabong.com/ycode-Gold-Moblie-Covers-For-Iphone-4-470961.html;"What we have here is a lightweight, durable gold coloured mobile cover, which will protect your Apple iPhone 4 from accidental bumps and shocks. This plastic wonder, from the house of Ycode, will provide an ideal protective surface for your phone.
Type        Mobile Covers & Cases
Device Model        Apple iPhone 4
Device Brand        Apple
Color        Golden
Material        Plastic
Device Brand        Apple
Device Model        Apple iPhone 4";2;4
Nike Blue T-Shirts;Nike;Rs. 795;10%;Rs. 716;http://www.jabong.com/Nike-Blue-T-Shirts-432277.html;"A perfect pick for your fitness-conscious boy is this blue coloured T-shirt from Nike. Featuring Dri-FIT technology, this sleeveless T-shirt will efficiently wick moisture away from his body. Made from polyester, it will keep him fresh all day long.  
Fabric        Polyester
Sleeves        Sleeveless
Neck        Round neck
Wash Care        HAND WASH
Color        Blue";3;1
United Colors of Benetton Orange Jackets & Blazers;United Colors of Benetton;Rs. 3299;0;Rs. 3299;http://www.jabong.com/United-Colors-of-Benetton-Orange-Jackets-Blazers-395472.html;"Make your son look trendier and cuter wearing this orange jacket from United Colors of Benetton. Featuring brand logo and pockets on the front, this jacket will look fabulous with both jeans and chinos. Made from polyester, this long-sleeved jacket will certainly help him brave the cold in style. 
Fabric        Polyester
Sleeves        Long Sleeve
Neck        Hooded
Wash Care        hand wash
Color        Orange";3;1
United Colors of Benetton Boys pazalo;United Colors of Benetton;Rs. 799;0;Rs. 799;http://www.jabong.com/United-Colors-of-Benetton-Boys-pazalo-349513.html;"Lend a distinct look to your smart son as you dress him up in this pair of yellow coloured pazalo from United Colors of Benetton. Trendy and comfortable to wear all day long, these pazalo are a must-have in his wardrobe. Made from 100% cotton, these pazalo are soft against the skin. These pazalo will go well with a contrast coloured T-shirt or a sweatshirt.
Fabric        100% Cotton
Wash Care        MILD DETERGENT
Color        Yellow";3;1
Raja Saheb Maroon Kurta Sets;Raja Saheb;Rs. 3349;10%;Rs. 3014;http://www.jabong.com/raja-saheb-Maroon-Kurta-Sets-424830.html;"A smart pick for traditional functions, this maroon coloured kurta pyjama set from Raja Saheb will certainly add variety to your little champion’s ethic wear collection. Further, the silk material makes this kurta pyjama set a worthy pick. This pretty kurta pyjama set comes with a dhoti and a sleeveless jacket. Tailored in regular fit, this kurta pyjama set provides enough room for proper movement. 
Fabric        Silk
Sleeves        Full Sleeve
Neck        Nehru collar
Wash Care        HAND WASH
Fit        Regular
Length        Full Length
Color        Maroon";3;1
My O Baby Organic Cotton Printed Blue Body Suit;My O Baby;Rs. 850;0;Rs. 850;http://www.jabong.com/my-o-baby-Organic-Cotton-Printed-Blue-Body-Suit-292066.html;"My O Baby offers this blue coloured footie that is a trendy pick for your little master this season. Featuring stripes all over and an embroidered patch on the front, this full-length footie will lend him a stylish look. Made from 100% organic cotton, this regular-fit footie will be soft to his skin and comfortable to wear as well. 
Fabric        100% ORGANIC COTTON
Sleeves        Full Sleeve
Neck        V Neck
Wash Care        Cold water, Machine wash
Fit        Regular
Length        Full Length
Style        Printed
Color        Blue";3;1
Betty Cream Solid Dress & Frock;Betty;Rs. 1510;0;Rs. 1510;http://www.jabong.com/betty-Cream-Solid-Dress-Frock-434255.html;"Make your little girl look like a fashionista as you dress her up in this cream coloured gown from the house of Betty. Made of polyester, this gown will stay soft against your kid's delicate skin. Featuring regular fit, this pretty gown comes with an inner. 
Fabric        Polyester
Sleeves        Full Sleeve
Neck        Round neck
Wash Care        DRY CLEAN
Fit        Regular
Length        Full Length
Style        SOLIDS
Color        Cream";3;1
United Colors of Benetton Fuschia Skirts;United Colors of Benetton;Rs. 999;0;Rs. 999;http://www.jabong.com/United-Colors-of-Benetton-Fuschia-Skirts-568361.html;"A must-have in the casual wardrobe of your little girl is this fuschia coloured skirt by United Colors of Benetton. Trendy and chic, it will amplify her look instantly. Team it with a stylish top to complete her look for the day. The cotton fabric further makes this skirt extremely skin friendly. 
Fabric        Cotton
Wash Care        HAND WASH
Fit        Regular
Length        Knee length
Color        Fuschia";3;1
Vine Multi Jeggings;Vine ;Rs. 780;15%;Rs. 663;http://www.jabong.com/vine-Multi-Jeggings-397112.html;"Vine presents these multicoloured jeggings for girls, which will make them look simply fashionable. Made of knit fabric, these jeggings are comfortable to wear. Featuring regular fit, these jeggings will look perfect when paired a white coloured T-shirt.
Fabric        Knit
Wash Care        Wash Separately,Use mild detergent,Do not bleach,Drip dry,Medium Iron
Fit        Regular
Length        Full Length
Color        Multi";3;1
Betty Purple Lehanga Cholis;Betty;Rs. 3470;0;Rs. 3470;http://www.jabong.com/betty-Purple-Lehanga-Cholis-500830.html;"Let your little princess be the centre of attention at a get together, wearing this purple coloured lehenga choli set for girls from the house of Aurelia. Made from polyester, this regular-fit lehenga choli set will keep her comfortable all day long. It comprises a lehenga and a choli. Featuring embroidery, it will accentuate her look effortlessly. Let her team it with white coloured sandals to complete her evening look.         
Fabric        Polyester
Sleeves        Mega Sleeve
Neck        Square Neck
Fit        Regular
Color        Purple";3;1
Vine Blue Jumpsuits & Rompers;Vine;Rs. 1070;0;Rs. 1070;http://www.jabong.com/vine-Blue-Jumpsuits-Rompers-547021.html;"Check out these magenta and blue coloured dungarees from Vine that will be a stylish pick for your darling daughter. Made from denim, these regular-fit dungarees are comfortable to wear all day long. The front embroidery will lend her a look worth flaunting.
Fabric        Denim
Sleeves        Sleeveless
Neck        SPAGHETTI NECK
Wash Care        HAND WASH
Fit        Regular
Length        Full Length
Color        Blue";3;1
Puma James Jr Ind Black Sneakers;Puma;Rs. 2799;0;Rs. 2799;http://www.jabong.com/Puma-James-Jr-Ind-Black-Sneakers-374617.html;"Kick, flip, jump, let them do whatever they want to do wearing these sneakers, in black colour, from the house of Puma. These trendy sneakers will give them the confidence they need owing to the use of comfortable non-leather lining and rubber sole.
Upper Material        Non Leather
Sole Material        Rubber
Inner Lining        Non Leather
Closing        Velcro
Product warranty        3 MONTH AGAINST MANUFACTURING DEFECT
Shoe Care        Surface Dirt can be cleaned with a good quality brush or a damp cloth. Use shoe shiner for better results.
Color        Black
Upper Material Details        SYNTHETIC LEATHER";3;2
Tweety Purple Sneakers;Tweety;Rs. 499;0;Rs. 499;http://www.jabong.com/tweety-Purple-Sneakers-478490.html;"Cute and trendy, these purple coloured sneakers from Tweety will make a great choice for your little doll.  Featuring canvas upper and fabric lining, these lace-ups are highly durable. Additionally, the PVC (polyvinyl chloride) sole of these sneakers make them lightweight, flexible and comfortable to wear as well.    
Upper Material        Canvas
Sole Material        PVC
Inner Lining        Fabric
Closing        Lace-up
Tip shape        Round
Product warranty        1 MONTH AGAINST MANUFACTURING DEFECT
Color        Purple
Upper Material Details        Canvas";3;2
Disney Mickey Blue Running Shoes;Disney;Rs. 499;0;Rs. 499;http://www.jabong.com/Disney-Mickey-Blue-Running-Shoes-572912.html;"For your cute little master, get this pair of blue coloured running shoes from Disney. This pair of synthetic running shoes is not just comfortable to wear but is also attractive in look owing to the fascinating design on the upper. The PVC (polyvinyl chloride) sole of this pair makes it durable and lightweight.
Upper Material        SYNTHETIC
Sole Material        PVC
Inner Lining        SYNTHETIC
Closing        Lace-up
Tip shape        Round
Product warranty        2 MONTH AGAINST MANUFACTURING DEFECT
Shoe Care        Surface Dirt can be cleaned with a good quality brush or a damp cloth.
Color        Blue
Upper Material Details        SYNTHETIC LEATHER";3;2
KID'S VILLE Pink Sandals;KID'S VILLE;Rs. 799;0;Rs. 799;http://www.jabong.com/kid-s-ville-Pink-Sandals-527610.html;"Kidsville presents these pink coloures sandals, which will make your kid look super cute and adorable. The synthetic material upper and lining of these sandals for girls offer breathability and cushioning. The rubber sole will keep your kid's feet comfrotable all day long.
Upper Material        SYNTHETIC
Sole Material        Rubber
Inner Lining        SYNTHETIC
Closing        Velcro
Tip shape        Open
Product warranty        1 MONTH AGAINST MANUFACTURING DEFECT
Shoe Care        Surface Dirt can be cleaned with a good quality brush or a damp cloth.
Color        Pink
Upper Material Details        SYNTHETIC LEATHER";3;2
BABY LOONEY TUNES Blue Sandals;BABY LOONEY TUNES;Rs. 599;17%;Rs. 499;http://www.jabong.com/baby-looney-tunes-Blue-Sandals-88351.html;"hese cute sandals from Baby Looney Tunes will ensure that your little girl stays stylish all summer long. Crafted from ethylene vinyl acetate (EVA), they provide excellent comfort and flexibility with the advantage of being lightweight. Your baby girl will look her best when paired with one of her cool T-shirt and a pair of shorts.
Upper Material        Eva
Sole Material        Eva
Closing        Unspecified
Product warranty        1 MONTH AGAINST MANUFACTURING DEFECT
Color        Blue";3;2
Kittens Pink Belly Shoes;Kittens;Rs. 1290;0;Rs. 1290;http://www.jabong.com/kittens-Pink-Belly-Shoes-549344.html;"Cute and trendy, these pink coloured belly shoes from Kittens will look great with your daughter’s dresses and frocks.  While the floral patch lends them a stylish touch, the synthetic upper and lining make them durable. Additionally, the resin sole makes these belly shoes lightweight and slip-resistant.
Upper Material        Synthetic Leather
Sole Material        Resin Sheet
Inner Lining        SYNTHETIC
Closing        Slip On
Heel shape        Flat
Heel height        Flat: 0-1.5 Inch
Tip shape        Round
Product warranty        6 MONTH AGAINST MANUFACTURING DEFECT
Shoe Care        Surface Dirt can be cleaned with a good quality brush or a damp cloth.
Color        Fuschia
Upper Material Details        SYNTHETIC LEATH";3;2
Adidas Adi Surf Slide Green Flip Flops;Adidas;Rs. 699;0;Rs. 699;http://www.jabong.com/Adidas-Adi-Surf-Slide-Green-Flip-Flops-18358.html;"Casual slippers don't have to be boring. These slippers for boys by Adidas come in an attractive colour combination that have a funky cartoon print. The non-leather material ensures comfort and durability.
Upper Material        Non Leather
Sole Material        Eva
Inner Lining        Non Leather
Closing        Open/slipper
Product warranty        3 Month Against Manufacturing Defects
Color        Green
Upper Material Details        SYNTHETIC LEATHER";3;2
Barbie Yellow Slippers;Barbie;Rs. 499;0;Rs. 499;http://www.jabong.com/Barbie-Yellow-Slippers-573743.html;"Wearing this pair of yellow coloured slippers from Barbie, your little angel will look more cute. The attractive design on the footbed of this pair adds to its attraction and so makes it a must-have. Made from quality synthetic material, this pair is not just appealing in look but is also comfortable to wear. The EVA (ethylene vinyl acetate) sole further adds to the durability of this pair.
Upper Material        SYNTHETIC
Sole Material        Eva
Inner Lining        SYNTHETIC
Closing        Slip On
Heel shape        Flat
Heel height        Flat: 0-1.5 Inch
Tip shape        Open
Product warranty        1 MONTH AGAINST MANUFACTURING DEFECT
Shoe Care        Surface Dirt can be cleaned with a good quality brush or a damp cloth.
Color        Yellow
Upper Material Details        SYNTHETIC LEATHER";3;2
Action Black Dress Shoes;Action;Rs. 231;0;Rs. 231;http://www.jabong.com/action-Black-Dress-Shoes-73599.html;"Complete your school-goer’s outfit with this pair of well-made dress shoes from the Action range. These shoes are made of durable non-leather and will stand up to the rough use of school. They are also neatly crafted to ensure long hours of comfort for children.
Upper Material        Non Leather
Sole Material        PVC
Inner Lining        Non Leather
Closing        Unspecified
Color        Black
Upper Material Details        SYNTHETIC LEATHER";3;2
Tweety White Sandals;Tweety;Rs. 999;20%;;http://www.jabong.com/tweety-White-Sandals-88104.html;"Tweety presents this pair of adorable white coloured sandals for girls, a perfect blend of style and comfort. This pair is quintessential in your daughter's wardrobe.
Upper Material        Non Leather
Sole Material        TPR
Inner Lining        Non Leather
Closing        Velcro
Product warranty        1 MONTH AGAINST MANUFACTURING DEFECT
Color        White
Upper Material Details        SYNTHETIC LEATHER";3;2
Spiderman Blue Running Shoes;Spiderman ;Rs. 1099;0;Rs. 1099;http://www.jabong.com/Spiderman-Blue-Running-Shoes-527601.html;"Spiderman presents these blue coloured running shoes, which will help your kid walk in style and with confidence. Tough and sturdy, these running shoes for boys are ideal to be worn during playtime. The synthetic upper and mesh lining offer cushioning and breathability. The rubber sole ensures optimum surface traction.
Upper Material        SYNTHETIC
Sole Material        Rubber
Inner Lining        Mesh
Closing        Velcro
Tip shape        Round
Product warranty        1 MONTH AGAINST MANUFACTURING DEFECT
Shoe Care        Surface Dirt can be cleaned with a good quality brush or a damp cloth.
Fit        REGULAR
Color        Blue
Upper Material Details        SYNTHETIC LEATHER";3;2
Disney Minnie Tr32217 Pink Analog Watch;Disney ;Rs. 699;0;Rs. 699;http://www.jabong.com/Disney-Minnie-Tr32217-Pink-Analog-Watch-330346.html;"A trendy pick to make your little one keep a track of time during her outdoor playtime sessions is this charming pink coloured analog watch from Disney. While its PU strap makes it a comfortable wear, its 5 ATM water resistance minimises water damage during the rainy season.
Type        Analog Watches
Water Resistance        50 M
Case Material        STAINLESS STEEL
Warranty        1 YEAR
USP        Note that the warranty does not cover: 
1. Damage caused to strap, case or acrylic crystal due to mishandling.
2. Scratching or peeling off of the printing.
3. Normal signs of fading of the strap and case.
Color        Pink
Dial Shape        Creative
Material        Plastic";3;3
Hello Kitty 4401201 White & Pink Analog Watch;Hello Kitty;Rs. 4890;50%;Rs. 2445;http://www.jabong.com/Hello-Kitty-4401201-White-Pink-Analog-Watch-410865.html;"Stylish and colourful, this analog watch for kids stands out from the usual lot because of its white colour. You can team it with your sportswear or a casual outfit.
Type        Analog Watches
Product warranty        1 YEAR
Water Resistance        50 M
Case Material        STAINLESS STEEL
USP        Note that the warranty does not cover: 
1. Damage caused to strap, case or acrylic crystal due to mishandling.
2. Scratching or peeling off of the printing.
3. Normal signs of fading of the strap and case.
Color        White
Dial Shape        Rectangular
Material        Stainless Steel";3;3
Disney Princess Blue  Analog Watch;Disney;Rs. 1500;0;Rs. 1500;http://www.jabong.com/Disney-Princess-3K2269U-Ps-007Lb-Blue-Multi-Analog-Watch-481399.html;"Give a fashion twist to your little wonder’s appearance with this blue coloured analog watch for kids from the house of Disney. This watch features a leather strap for comfort and a brass dial to make it rust resistant. It is water resistant up to 50 m and comes with a warranty of one year. A must-have accessory in your little one’s wardrobe. 
Type        Analog Watches
Product warranty        1 YEAR
Water Resistance        5 ATM
Color        Blue
Material        Leather";3;3
Disney Princess Black & Pink Oval Sunglasses;Disney;Rs. 350;0;Rs. 350;http://www.jabong.com/Disney-Princess-Black-Pink-Oval-Sunglasses-578752.html;"Elevate the fashion quotient of your girl with these oval sunglasses by Disney. Black in colour, these sunglasses have a sporty plastic frame. With UV-protected lenses, these sunglasses will efficiently protect your girl’s eyes from wind, bugs and harmful sun rays.
Lens Type        UV PROTECTED
Frame Shape        Oval
USP        Oval Sunglasses. Lens Material- CR 39 Plastic.
Color        Black
Frame Color        Pink
Lens Color        Black
Material        Plastic";3;3
WWE Pwr Slmmrs John Cena;WWE;Rs. 1099;0;Rs. 1099;http://www.jabong.com/wwe-Pwr-Slmmrs-John-Cena-347852.html;"WWE presents this 'Power Slammers John Cena' kit, which will recreate real WWE action for your little one! Including a John Cena figure, this kit will keep your kid engaged for hours. This kit ensures never-ending and brawling fun.
Age Group        5Y - 7Y
Product Dimensions        19.05*7.62*20.95 cm
Color        Assorted";3;3
Disney Cinderella Hair Care Set 10Pcs Doll Accessories;Disney ;Rs. 899;0;Rs. 899;http://www.jabong.com/Disney-Cinderella-Hair-Care-Set-10Pcs-Doll-Accessories-166840.html;"This Disney hair care set will surely bring a smile to your little doll's face! Offering a play hair drier, a hair brush, a beautiful bow and two pretty little clips, this set has everything she needs to dress up her hair! So, get one today and add another star to her list of precious collectibles!
Type        Role Play Toys
Age Group        3Y - 4Y
Color        Blue";3;3
Warner Tom 19 Inches;Warner ;Rs. 1699;0;Rs. 1699;http://www.jabong.com/warner-Tom-19-Inches-117023.html;"Bring home this cool and cute soft toy to keep your kid engaged in unlimited hours of fun. This lovely and pleasing toy will listen to the wonderful thoughts of your angel 24x7.
Type        Character Soft Toys
Age Group        0M - 12M
Color        Multi";3;3
Samsonite Red & Yellow Backpack;Samsonite ;Rs. 1150;20%;Rs. 920;http://www.jabong.com/samsonite-Red-Yellow-Backpack-478459.html;"A trendy way for your little one to haul books, water bottle and what not to school is with this stylish red coloured backpack from Samsonite. Apart from offering spacious interiors, this backpack also promises lightweight longevity, courtesy its polyester fabric.
Type        Backpacks
Product Dimensions        26 x 31 x 18 x cm
Extra Handle        No
Number of Compartments        1
Color        Red
Material        Polyester
No. of Zips        1";3;3
Spiderman Navy Blue School Bag;Spiderman;Rs. 475;30%;Rs. 333;http://www.jabong.com/Spiderman-Navy-Blue-School-Bag-89117.html;"Sending your little one to school will no more be difficult with this navy blue coloured bag from Spiderman. It comes with adjustable shoulder straps for carrying comfort. Stylized cartoon print on the front adds a unique flair!
Type        Backpacks
Color        Navy Blue
Material        Canvas";3;3
Portico New York Tom & Jerry Bedsheet Set;Portico New York ;Rs. 1399;0;Rs. 1399;http://www.jabong.com/portico-new-york-Tom-Jerry-Bedsheet-Set-189695.html;"he amazing Tom & Jerry print on this bed sheet set makes it a perfect pick for your kids’ bedroom. Featuring bright colours, it will add beauty to the bedroom interior. Crafted from cotton, this bed sheet set is light in weight and easy to wash.
Size        Double
Material        100% COTTON
Wash Care        machine wash & tumble dry
Product Dimensions        Single Bedsheet: 58 Inches x 86 Inches 
Double Bedsheet: 90 Inches x 108 Inches 
Pillow Cover: 18 Inches x 27 Inches
Package Contents        Single: 1 Single Bedsheet + 1 Pillow Cover 
Double: 1 Double Bedsheet + 2 Pillow Covers
Color        Red";3;3
Himalaya Baby Lotion-400ml;Himalaya;Rs 215;15%;Rs 183;http://www.snapdeal.com/product/himalaya-baby-lotion400ml/567860711?;Recommended age: 0 months+                                                                                               Quantity: 400 ml. Himalaya baby lotion to care for baby's delicate skin. Prevents dryness & loss of natural skin moisture. Contains extracts of licorice, almond oil and olive oil to keep the skin supple. Olive oil is a rich source of vitamin E and prevents chafing of skin Keeps the baby mildly scented with long lasting fragrance. Hypoallergenic & dermatologically tested Gentle enough for daily use by baby as well as the whole family;3;4
Pigeon Baby Wipes 80 Sheets Refil;Pigeon ;Rs 150;0;Rs 150;http://www.snapdeal.com/product/pigeon-baby-wipes-80-sheets/1438266?;Type: Baby Wipes Quantity: 80 sheets (Refill) Recommended age: 0 months+ Enhanced with 100% organic extracts Also suitable for wiping baby's hands and mouth during feeding Wipes and cleans baby's skin gently Leaves the skin moisturised Ideal for nappy changes Soft to touch and feel Safe to use on baby's skin Disclaimer: Product colour may slightly vary due to photographic lighting sources or your monitor settings;3;4
Himalaya Baby Massage Oil 300 ml;Himalaya;Rs 215;15%;Rs 183;http://www.snapdeal.com/product/himalaya-baby-massage-oil-300/1138832?;Recommended age: 0 months+ Quantity: 300 ml Apply on your baby's tender skin to retain moisture and prevent dryness Massage gently on arms, legs, back etc. to relax baby's delicate skin Contains extracts of olive oil and winter cherry Gentle to use Fights excess dryness in winter Improves skin tone;3;4
Palmers Cocoa Butter Formula Heals Softensrough Dry Skin 200G;Palmers;Rs 699;0;Rs 699;http://www.snapdeal.com/product/palmers-cocoa-butter-formula-heals/284384746?;The original solid formula Highest concentration of 100% pure Cocoa Butter Perfect for rough, dry skin An excellent all-over the body moisturiser Made from high quality, strong and lon lasting material Perfect for baby and mother care;3;4
chicco combo of talcum powder;Chicco;Rs 698;0;Rs 698;http://www.snapdeal.com/product/chicco-combo-of-talcum-powder/214312329?;Microbiologically and dermatologically tested Naturally transpirant Does not clog the skin pores Dermatologically tested Hypoallergenic (low sensiti­sation risk – not irritant) Keep out of reach of children;3;4
Chicco No Tears Shampoo;Chicco No Tears Shampoo;Rs 698;0;Rs 698;http://www.snapdeal.com/product/chicco-no-tears-shampoo-500ml/1575341242?;Gently cleanses the fine delicate baby’s hair without irritating its eyes No tears formula contains pot marigold Has softening properties to moisturise the hair Prevent the formation of tangles;3;4
Palmers Cocoa Butter Formula Soap;Palmers;Rs 199;0;Rs 199;http://www.snapdeal.com/product/palmers-cocoa-butter-formula-soap/1083539319?;A rich-lathering soap that softens and moisturizes Enriched with pure Cocoa Butter and Vitamin E Specially formulated to cleanse, without leaving a dry, tight feeling Use Palmer's Cocoa Butter Formula Cream Soap daily for a smooth, clear, radiant complexion Excellent for use on face, hands and body Made from high quality, strong and lon lasting material;3;4
Himalaya Pure Hands Hand Sanitizer;Himalaya;Rs 250;15%;Rs 213;http://www.snapdeal.com/product/himalaya-pure-hands-hand-sanitizer/1138838?;A safe to use alcohol-based hand sanitiser to ward off germs A perfect and handy solution to prevent infection, and ensure optimum hand hygiene Contains extracts of Lime, Coriander, Neem, Hrivera and Ushira-an anti-bacterial herb No water required to rinse Makes a useful and essential travel partner to get rid of germs Comes in an easy to use It is safe for regular use Clinically tested Prevents dryness of hands & moisturises skin Reduces microbial germs remarkably & prevents sickness;3;4
Chicco Combo Of Toothbrush & Toothpaste;Chicco ;Rs 448;0;Rs 448;http://www.snapdeal.com/product/chicco-combo-of-toothbrush-6/781872147;Quantity: Toothbrush(1 pc), toothpaste(50 ml) Pure, simple and safe Ideal for protecting children's teeth Made from very few ingredients Does not contain fluoride Ideal for all children under 3 years of age Contains Xylitol which helps to prevent dental decay Low abrasion formula Does not damage milk teeth Contains bio available calcium;3;4
Johnson's Baby Milk Cream;Johnson's;Rs 120;0;Rs 120;http://www.snapdeal.com/product/johnsons-baby-milk-cream-100/1067237526?;Leaves your baby's skin feeling really soft Completely safe for baby use Recommended for regular use A perfect product for new as well as experienced mothers Ideal for gifting purposes Made from completely skin friendly materials Very easy and convenient to use Comes in a beautifully designed packaging Does not cause skin allergies, irritations etc;3;4
Nokia X Dual SIM Black;Nokia;Rs 9499;25%;7154;http://www.snapdeal.com/product/nokia-x-dual-sim-black/1441110563?;Nokia X PlatForm(Based on Android) 3 MP Rear Camera Dual-core 1 GHz Snapdragon S4 Processor 512 MB RAM 4 GB Internal Memory Upto 32 GB expandable Memory 1500 mAh Battery FM;4;5
Samsung Galaxy S Duos 2;Samsung;Rs 11230;23%;Rs 8671;http://www.snapdeal.com/product/samsung-galaxy-s-duos-2/922060485?;5 MP Rear Camera with Flash 768 MB RAM 4 Inch Display 1.2 GHz Dual Core Android 4.2 Jellybean VGA Front Camera WiFi 1500 mAh Battery 4 GB Internal Memory Dual SIM Bluetooth 3G;4;5
Micromax A114 Canvas 2.2 White;Micromax;Rs 12990;21%;Rs 10298;http://www.snapdeal.com/product/micromax-a114-canvas-22-white/1824077996?;Dual SIM (GSM + WCDMA) with Dual Standby 5.0-inch (960 x 540 pixels) IPS display 3.5mm audio jack Android 4.2 (Jelly Bean) 8MP auto focus camera with LED Flash 1.3 GHz quad-core MediaTek MT6582M processor 2000 mAh battery 2MP front camera;4;5
Nokia Lumia 520 White;Nokia;Rs 10499;28%;Rs 7549;http://www.snapdeal.com/product/nokia-lumia-520-white/597448724;Expandable Storage Capacity of 64 GB Bluetooth 3.5mm Audio Jack MicroSIM 1 GHz Qualcomm Snapdragon S4 Dual Core Processor HD Recording GPRS 7GB Free Cloud Space Video Player Wi-Fi Enabled 4-inch IPS Capacitive Touchscreen Internet Radio 5 MP Primary Camera Music Player 3G Windows Phone 8 OS;4;5
Nokia Lumia 1520 (Yellow);Nokia;Rs 49999;20%;Rs 39940;http://www.snapdeal.com/product/nokia-lumia-1520-yellow/1238232081;Main camera 20 MP Qualcomm Snapdragon 800 Processor Display size 6 Inch Full HD (1920 x 1080)Display resolution Battery capacity: 3400mAh Maximum talk time (3G): 25.1h;4;5
Apple iPad Air 16 GB Wifi + Cellular;Apple;Rs 44900;8%;Rs 41249;http://www.snapdeal.com/product/apple-ipad-air-16-gb/1875546570;A7 Chip 9.7 Inch Retina Display 16 GB Internal Memory iOS7 5 MP Rear Camera Voice Call 1.2 MP Front Camera WiFi 3G;4;5
Samsung Galaxy Tab 3;Samsung;Rs 19210;0;Rs 19210;http://www.snapdeal.com/product/samsung-galaxy-tab-3-t211/317212232;1.2 GHz Dual Core Processor Wi-Fi Enabled 7-inch TFT Capacitive Touchscreen HD Recording Android v4.1 (Jelly Bean) OS 1.3 MP Secondary Camera Expandable Storage Capacity of 32 GB 3 MP Primary Camera;4;5
Micromax Funbook P280;Micromax;Rs 4749;0;Rs 4749;http://www.snapdeal.com/product/micromax-funbook-p280-with-leather/78699930?;Android 4.2 Jellybean 1 GHz Dual Core 7 Inch Display 0.3 MP Front Camera 512 MB RAM 4 GB Internal Memory Expandable Up To 32 GB 3G Support Via Dongle;4;5
Lenovo Idea Tab A 3000 Tab Black;Lenovo;Rs 16999;24%;Rs 12844;http://www.snapdeal.com/product/lenovo-idea-tab-a-3000/1168914140?;7 inch display with IPS wide view technology Voice calling enabled 16 GB internal memory & Expandable up to 32 GB 5 MP Rear & 0.3 MP Front Camera Android 4.2 Jelly Bean OS 3G Bluetooth Wi-Fi Audio Player Video Player 3.5mm Audio Jack;4;5
HCL ME V1 With Calling;HCL;Rs 7999;19%;Rs 6464;http://www.snapdeal.com/product/hcl-me-v1-with-calling/614955?;Single SIM Calling Support Single SIM Calling Support Android OS 4.0.4 (Ice Cream Sandwich) 7 Inches Multi Touch Capacitive Touch Screen Integrated GPRS/EDGE Connectivity Integrated Receiver ,Proximity Sensor and Loud Speakerphone Front Camera 0.3MP and Back camera is 2.0MP with LED Flash Powerful GPU & 1GB DDR3 RAM In Built 4GB Memory Expandable Up to 32 GB 3G Data Enabled through USB Data Card (WCDMA/EVDO) Bluetooth;4;5
Dell Inspiron 15 inches Laptop;Dell;Rs 33500;11%;Rs 29791;http://www.snapdeal.com/product/dell-inspiron-15-3521-laptop/685298422?;Colour: Black Operating System: Ubuntu Hard Disk Capacity: 500GB Weight: 2.35kg Screen Size: 15.6-inch RAM: 4GB Processor Name: 3rd Generation Intel Core i3-3217U Keyboard: Standard Keyboard Stereo Speakers with Waves MaxxAudio 4;4;6
Lenovo Ideapad Laptop;Lenovo;Rs 43500;0;Rs 43500;http://www.snapdeal.com/product/lenovo-ideapad-s510p-59411351-laptop/568969457?;Screen Size Inch : 15 inch - 15.9 inch Memory (Ram) : 8 GB Processor : Intel Core i3 Hard Disk Capacity : 1 TB Operating System : Windows 8 Warranty : 1 Year Battery Backup : 4 cell Colour : Black;4;6
HP Pavilion 15 inches Laptop;HP;Rs 40900;0;Rs 40900;http://www.snapdeal.com/product/hp-pavilion-15n206tx-laptop-3rd/653952451?;3rd Generation Intel Core i3-3217U Dual-Core ProcessorWindows 8.1 (64-bit) Operating System500 GB Hard Disk Capacity4 GB RAM15.6 Inches LED Backlit Widescreen DisplayWeight: 2.33 kgColour: HP Imprint - Pearl White Colour with Micro Dot PatternIsland-style KeyboardDual Speakers with DTS Sound+;4;6
Lenovo Essential G500 Laptop;Lenovo;Rs 30000;27%;Rs 27789;http://www.snapdeal.com/product/lenovo-essential-g500-59380860-laptop/1425499724?;Processor Name: 3rd Generation Intel Core i3-3110M Operating System: DOS Hard Disk Capacity: 500 GB RAM: 2 GB Screen Size: 15.6 Inches Graphics: Intel HD Graphics 4000 Weight: 2.5 kg Colour: Black Keyboard: AccuType Keyboard Speakers: Stereo Speakers with Dolby Advanced Audio;4;6
Apple MacBook Air MD760HNA;Apple;Rs 74900;0;Rs 74900;http://www.snapdeal.com/product/apple-macbook-air-md760hna-intel/748697139?;Colour: White Operating System: OS X Mountain Lion Flash Storage: 128 GB Weight: 1.35 Kg Screen Size: 13.3 inch RAM: 4 GB Processor Name: Intel Dual-Core i5 Keyboard: Full-size backlit Keyboard Stereo speakers;4;6
Sony Vaio Desktop;Sony Vaio;Rs 69990;0;Rs 69990;http://www.snapdeal.com/product/sony-vaio-j20236-3rd-gen/1494409;Colour: White Operating System: Microsoft Windows 8 64-Bit Hard Disk Capacity: 500GB Weight: 5.2Kg Screen Size: 20 Inch Touchscreen RAM: 4GB DDR3 Processor Name: Intel Core i5 3337U;4;6
Lenovo Celeron All in One Desktop;Lenovo;Rs 24490;17%;Rs 20290;http://www.snapdeal.com/product/lenovo-c240-57316167-celeron-dual/849634997;Screen Size Inch : 18.5 inches Memory (Ram) : 2 GB DDR3 Processor : Celeron Dual Core 847 Hard Disk Capacity : 500 GB Warranty : 1 Year Manufacturer Warranty Colour : Black Usage : Indoor;4;6
HP Slate 21-k100 All in One Desktop PC;HP ;Rs 30990;0;Rs 30990;http://www.snapdeal.com/product/hp-slate-21k100-allinone-desktop/1526143376;Type: All-in-one Touchscreen Desktop PC Operating System: Android 4.2, Jelly Bean Hard Disk Capacity: 8GB eMMC Screen: 21.5-inch diagonal Full HD LED-backlit Touchscreen with IPS technology Memory: 1 GB DDR3 Processor Name: NVIDIA Tegra 4 Graphics: NVIDIA GPU (72 cores) Keyboard: USB Keyboard USB Optical Wired Mouse Integrated Speakers HP TrueVision HD Webcam with Built-in Microphone;4;6
Apple iMac MD087HN/A ;Apple ;Rs 114900;0;Rs 114900;http://www.snapdeal.com/product/apple-imac-md087hna-4th-generation/483483193;Operating System: OS X Mountain Lion Hard Disk Capacity: 1 TB SATA Screen Size: 21.5-inch LED-backlit Display with IPS Technology RAM: 8GB (2 X 4GB) DDR3 Processor Name: 4th Generation Intel Quad Core i5 Processor 1 GB NVIDIA GeForce GT 750M Graphics FaceTime HD camera Two Thunderbolt Ports 4 X USB 3 Ports Keyboard: Full size Apple Wireless Keyboard Built-in Stereo Speakers Delivering Higher-fidelity Sound Input Devices: Magic Mouse, Glass Multi-Touch Trackpad Faster Fusion Drive;4;6
Dell Inspiron One 2020;Dell;Rs 44990;9%;Rs 41000;http://www.snapdeal.com/product/dell-inspiron-one-2020-3rd/1957009158;Screen Size Inch : 20 inches Memory (Ram) : 4 GB Processor : Intel Core i3 Hard Disk Capacity : 500 GB Operating System : Windows 8 Colour : BlackSUPC: SDL380204654;4;6
Nikon Coolpix L29 16.1 MP Point & Shoot Digital Camera (Black);Nikon;Rs 4990;0;Rs 4990;http://www.snapdeal.com/product/nikon-coolpix-l29-161-mp/2022332439?;Type Compact digital camera Number of effective pixels : 16.1 million Lens : NIKKOR lens with 5x optical zoom Autofocus (AF) : Contrast-detect AF Digital zoom magnification Up to 4x 2.7-inch TFT LCD monitor;4;8
Sony CyberShot W810 20.1MP Point & Shoot Digital Camera (Black);Sony;Rs 7490;18%;Rs 6126;http://www.snapdeal.com/product/sony-cybershot-w810-201mp-point/164406507?;100% Geniune product 2 year Sony India Warranty 20.1 Megapixel Camera 6x Optical Zoom Aperture Range F3.2 (W) - F6.5 (T) Super HAD CCD Image Sensor 35 mm Equivalent Focal Length: 28 - 140 mm HD Recording (720p) 2.7 inch TFT LCD Screen;4;8
Canon Digital IXUS145 16MP Point & Shoot Digital Camera (Black);Canon;Rs 6995;0;Rs 6995;http://www.snapdeal.com/product/canon-digital-ixus145-16mp-point/546168854?;Type : 1/2.3 type CCD Effective Pixels Approx. 16.0M Colour Filter Type : Primary Colour 8 elements in 7 groups (1 double-sided aspherical lens);4;8
Nikon Coolpix L830 16 MP Point & Shoot Digital Camera (Red);Nikon;Rs 15450;18%;Rs 12739;http://www.snapdeal.com/product/nikon-coolpix-l830-16-mp/346363786;Body type : SLR-like (bridge) Max resolution : 4608 x 3456 Effective pixels : 16 megapixels Sensor size : 1/2.3 Sensor type : CMOS ISO Auto, 125 - 1600 (3200 in Auto mode) Focal length (equiv.) : 23-765 mm Optical zoom 34x;4;8
Canon Digital IXUS 135 16MP Point & Shoot Digital Camera (Blue);Canon;Rs 10995;0;Rs 10995;http://www.snapdeal.com/product/canon-digital-ixus-135-16mp/1242342;8x zoom lens, 28mm wide-angle Fun and creative modes Smart Auto (32 scenes) HD movies (720p) with movie button Eco mode 16 MegapixelsIntelligent IS 6.8 cm (2.7 Wi-Fi for easy sharing and GPS via Mobile Stylish Wi-Fi IXUS;4;8
Sony CyberShot DSC-WX350 18.2MP Point & Shoot Digital Camera (Pink);Sony;Rs 18490;0;Rs 18490;http://www.snapdeal.com/product/sony-cybershot-dscwx350-182mp-point/464048568;100% Geniune product 2 year Sony India Warranty 18.2 Megapixel Camera 20X Optical Zoom Full HD Movie (1080p) Wi-Fi Beauty Effect Superior Auto 7.6 cm Screen;4;8
Sony SLT-A58K SLR with SAL 18-55mm Kit Lens;Sony;Rs 35990;11%;Rs 31980;http://www.snapdeal.com/product/sony-slta58k-slr-with-sal/1423959;2 Years Sony India Warranty 20.1 Megapixel Camera ISO 100 - ISO 6400 Sensitivity Maximum Shutter Speed 1/4000 sec Minimum Shutter Speed : 30 sec Exmor APS HD CMOS Image Sensor Full HD Recording 2.7 inch Clear Photo TFT LCD;4;8
Nikon D3300 24.2MP DSLR;Nikon;Rs 46950;0;Rs 46950;http://www.snapdeal.com/product/nikon-d3300-242mp-dslr-with/161478133;Type : Single-lens reflex digital camera Lens mount : Nikon F mount (with AF contacts) Effective angle of view : Approx. 1.5x that of lenses with FX format angle of view USB : Hi-Speed USB Video output : NTSC, PAL HDMI output : Type C mini-pin HDMI connector;4;8
Panasonic HX-DC3 Camcorder (White);Panasonic;Rs 13990;5%;Rs 13305;http://www.snapdeal.com/product/panasonic-hxdc3-camcorder-white/1488304;MOS Image Sensor 14.3 MP Full HD Recording 5x Optical Zoom and 120x Digital Zoom 3-inch Wide LCD f/3.5 - f/3.7 Aperture;4;8
Sony DCR-SD1000E Professional Video Camera;Sony;Rs 69000;0;Rs 69000;http://www.snapdeal.com/product/sony-dcrsd1000e-professional-video-camera/563189329;Type: Video Camera 7.1MP Exmor R CMOS Sensor Optical SteadyShot (Active Mode) Large Lens Ring Controls 32GB Internal Memory Sony G Lens with 12x Optical Zoom Stereo Microphone;4;8
Panasonic HDC-MDH1 AVCHD PAL Camcorder;Panasonic;Rs 69990;13%;Rs 60690;http://www.snapdeal.com/product/panasonic-hdcmdh1-avchd-pal-camcorder/214709;1/4.1 iA Intelligent Auto 1080/50i, 576/50i 16.8x Optical Zoom SD Memory Card Recording HDMI, Component Output 2.7 Zoom Microphone;4;8
Hitachi 1.5 Ton 5 Star RAU518ITDA Split Air Conditioner;Hitachi;Rs 49100;0;Rs 49100;http://www.snapdeal.com/product/hitachi-rau518itda-split-15-ton/1840331881;Split AC 1.5 TR Capacity 5 Star Rating 4 Way Air Swing Stainless Steel Plated Filter Auto Climate Technology Kaimin Feature Wireless LCD Remocon On/Off Timer with Advanced Start-up Supports Dry, Powerful and Auto Power Save Mode Auto Restart Pre-coated Aluminium Fins Supercool Function My Mode Digilock Defrosting Sensor;4;7
Usha 55 Litre Honeywell CL 601PM Air Cooler;Usha;Rs 13491;5%;Rs 12851;http://www.snapdeal.com/product/usha-55-litre-honeywell-cl/899854910;Tank Capacity (Litres) : 55 Speed Settings : 3 Color : Grey & Brown Type : Air Cooler;4;7
LG 581Ltr GC-B217BPJV Side By Side Refrigerator Silver;LG;Rs 88000;16%;Rs 73845;http://www.snapdeal.com/product/lg-gcb217bpjv-side-by-side/1180086?;Exterior Led Display581 LitresDigital Multi SensorsIce Beam Door CoolingInverter Linear Compressor;4;7
LG T10RRF21V 9 Kg. Top Load Washing Machine;LG ;Rs 30640;0;Rs 30640;http://www.snapdeal.com/product/lg-t10rrf21v-9-kg-top/1841350938;9 Kg Dark Red Pattern I-Sensor, Punch +3 TurboDrum Speech Technology PUNCH +3 PULSATOR;4;7
Philips HR1861 Aluminium Juicer;Philips;Rs 9995;0;Rs 9995;http://www.snapdeal.com/product/philips-hr1861-aluminium-juicer/131897?;700 W motorPhilips juicer in anodised aluminium with unique micro-mesh filter2 L pulp containerstylish 1.25 L juice jugXL feeding Tube;4;7
OWN RO Water Purifier (Ruby);OWN;Rs 17990;6%;Rs 16990;http://www.snapdeal.com/product/own-ro-water-purifier-ruby/782092574?;Auto Shut Off : Yes Electricity Required : Yes Stage Purification Process : 5 Capacity : 5-15 Ltr Ribbon Type : Ribbon-with/withoiut Functions : Digital/Non-digital Material : Fiber;4;7
LG 32Ltr MJ3282BCG Convection Microwave Oven;LG;Rs 25490;0;Rs 25490;http://www.snapdeal.com/product/lg-mj3282bcg-32-ltr-convection/1372567;32 Litres Capacity 301 Auto Cook menu Indian Bread Basket Pull-down Handle Charcoal Lighting HeaterTM Multi Cook Tawa Dual VFD Display Stainless Steel Cavity;4;7
LG VR6170LVM Vacuum Cleaner;LG;Rs 49540;0;Rs 49540;http://www.snapdeal.com/product/lg-vr6170lvm-vaccume-cleaner/1180057;Voice Alert2 X Side BrushesDocking Style Charger with Auto Charging Function3 Fully Automatic Cleaning Modes;4;7
LG D1451WF Dish Washer;LG;Rs 44990;12%;Rs 39735;http://www.snapdeal.com/product/lg-d1451wf-dish-washer/383334403;Capacty: 14 PlaceLow NoiseSmart Rack SystemInverter Direct Drive technology;4;7
"Havells 7"" I-Cool HS Table Fan";"Havells 7"" I-Cool HS Table Fan";Rs 2425;0;Rs 2425;http://www.snapdeal.com/product/havells-tablepersonal-fan-icool-hs/311709818?;3 Blade Table Fan Size: 7 Inch Rotation: 360 Degrees Speed Control: 2 Step Silent Operation Unique Propeller Deep Pitched Blades Trendy Colour & Design;4;7
